{
  "timestamp": "2025-11-29T08:38:11.771Z",
  "files": 100000,
  "durationMs": 978.3404370000007,
  "speedFilesPerSec": 102213.90859263841,
  "dataMb": 15.514373779296875,
  "creationTimeSec": 11.540321532999998
}